{
    "avg_prec": {
        "train": 0.9999331729484094,
        "test": 0.7197447833264425
    },
    "roc_auc": {
        "train": 0.9999947480094955,
        "test": 0.9178989898989899
    }
}
